callConid,clocal_name,clocal_class,call_close_prc,strike,multiplier,put_close_prc,plocal_class,plocal_name,putConid,expiration
561530372,VIXW  220622C00010000,VIXW,20.50,10.0,100,0.0001,VIXW,VIXW  220622P00010000,561531147,
561530325,VIXW  220622C00010500,VIXW,20.00,10.5,100,0.0001,VIXW,VIXW  220622P00010500,561531118,
561530418,VIXW  220622C00011000,VIXW,19.50,11.0,100,0.0001,VIXW,VIXW  220622P00011000,561531171,
561530394,VIXW  220622C00011500,VIXW,19.00,11.5,100,0.0001,VIXW,VIXW  220622P00011500,561531157,
561530462,VIXW  220622C00012000,VIXW,18.50,12.0,100,0.0001,VIXW,VIXW  220622P00012000,561531197,
561530437,VIXW  220622C00012500,VIXW,18.00,12.5,100,0.0001,VIXW,VIXW  220622P00012500,561531180,
561530499,VIXW  220622C00013000,VIXW,17.50,13.0,100,0.0001,VIXW,VIXW  220622P00013000,561531220,
561530483,VIXW  220622C00013500,VIXW,17.00,13.5,100,0.0001,VIXW,VIXW  220622P00013500,561531210,
561530539,VIXW  220622C00014000,VIXW,16.50,14.0,100,0.0001,VIXW,VIXW  220622P00014000,561531245,
561530519,VIXW  220622C00014500,VIXW,16.00,14.5,100,0.0001,VIXW,VIXW  220622P00014500,561531234,
561530549,VIXW  220622C00015000,VIXW,15.50,15.0,100,0.0001,VIXW,VIXW  220622P00015000,561531254,
561530567,VIXW  220622C00016000,VIXW,14.50,16.0,100,0.0001,VIXW,VIXW  220622P00016000,561531260,
561530588,VIXW  220622C00017000,VIXW,13.50,17.0,100,0.0001,VIXW,VIXW  220622P00017000,561531273,
561530612,VIXW  220622C00018000,VIXW,12.50,18.0,100,0.0001,VIXW,VIXW  220622P00018000,561531282,
561530639,VIXW  220622C00019000,VIXW,11.50,19.0,100,0.0001,VIXW,VIXW  220622P00019000,561531293,
561530663,VIXW  220622C00020000,VIXW,10.50,20.0,100,0.0001,VIXW,VIXW  220622P00020000,561531307,
561530684,VIXW  220622C00021000,VIXW,9.50,21.0,100,0.0001,VIXW,VIXW  220622P00021000,561531317,
561530704,VIXW  220622C00022000,VIXW,8.50,22.0,100,0.0001,VIXW,VIXW  220622P00022000,561531330,
561530729,VIXW  220622C00023000,VIXW,7.50,23.0,100,0.0001,VIXW,VIXW  220622P00023000,561531341,
561530749,VIXW  220622C00024000,VIXW,6.50,24.0,100,0.0001,VIXW,VIXW  220622P00024000,561531356,
561530774,VIXW  220622C00025000,VIXW,5.50,25.0,100,0.0001,VIXW,VIXW  220622P00025000,561531375,
561530794,VIXW  220622C00026000,VIXW,4.500,26.0,100,0.0001,VIXW,VIXW  220622P00026000,561531390,
561530814,VIXW  220622C00027000,VIXW,3.500,27.0,100,0.0001,VIXW,VIXW  220622P00027000,561531405,
561530825,VIXW  220622C00028000,VIXW,2.500,28.0,100,0.0001,VIXW,VIXW  220622P00028000,561531417,
561530845,VIXW  220622C00029000,VIXW,1.500,29.0,100,0.0001,VIXW,VIXW  220622P00029000,561531439,
561530852,VIXW  220622C00030000,VIXW,0.5000,30.0,100,0.0001,VIXW,VIXW  220622P00030000,561531451,
561530874,VIXW  220622C00032500,VIXW,0.0001,32.5,100,2.000,VIXW,VIXW  220622P00032500,561531459,
561530880,VIXW  220622C00035000,VIXW,0.0001,35.0,100,4.500,VIXW,VIXW  220622P00035000,561531474,
561530900,VIXW  220622C00037500,VIXW,0.0001,37.5,100,7.00,VIXW,VIXW  220622P00037500,561531485,
561530914,VIXW  220622C00040000,VIXW,0.0001,40.0,100,9.50,VIXW,VIXW  220622P00040000,561531499,
561530925,VIXW  220622C00042500,VIXW,0.0001,42.5,100,12.00,VIXW,VIXW  220622P00042500,561531509,
561530940,VIXW  220622C00045000,VIXW,0.0001,45.0,100,14.50,VIXW,VIXW  220622P00045000,561531519,
561530948,VIXW  220622C00047500,VIXW,0.0001,47.5,100,17.00,VIXW,VIXW  220622P00047500,561531530,
561530970,VIXW  220622C00050000,VIXW,0.0001,50.0,100,19.50,VIXW,VIXW  220622P00050000,561531540,
561530979,VIXW  220622C00055000,VIXW,0.0001,55.0,100,24.50,VIXW,VIXW  220622P00055000,561531550,
561530994,VIXW  220622C00060000,VIXW,0.0001,60.0,100,29.50,VIXW,VIXW  220622P00060000,561531560,
561531000,VIXW  220622C00065000,VIXW,0.0001,65.0,100,34.50,VIXW,VIXW  220622P00065000,561531574,
561531016,VIXW  220622C00070000,VIXW,0.0001,70.0,100,39.50,VIXW,VIXW  220622P00070000,561531585,
561531036,VIXW  220622C00075000,VIXW,0.0001,75.0,100,44.50,VIXW,VIXW  220622P00075000,561531598,
561531055,VIXW  220622C00080000,VIXW,0.0001,80.0,100,49.50,VIXW,VIXW  220622P00080000,561531610,
561531070,VIXW  220622C00085000,VIXW,0.0001,85.0,100,54.50,VIXW,VIXW  220622P00085000,561531622,
561531084,VIXW  220622C00090000,VIXW,0.0001,90.0,100,59.50,VIXW,VIXW  220622P00090000,561531634,
561531101,VIXW  220622C00095000,VIXW,0.0001,95.0,100,64.50,VIXW,VIXW  220622P00095000,561531645,
561530345,VIXW  220622C00100000,VIXW,0.0001,100.0,100,69.50,VIXW,VIXW  220622P00100000,561531130,
563206514,VIXW  220629C00010000,VIXW,19.90,10.0,100,0.0011,VIXW,VIXW  220629P00010000,563207688,29/06/2022
563206445,VIXW  220629C00010500,VIXW,19.40,10.5,100,0.0018,VIXW,VIXW  220629P00010500,563207653,29/06/2022
563206570,VIXW  220629C00011000,VIXW,18.90,11.0,100,0.0024,VIXW,VIXW  220629P00011000,563207712,29/06/2022
563206550,VIXW  220629C00011500,VIXW,18.40,11.5,100,0.0031,VIXW,VIXW  220629P00011500,563207699,29/06/2022
563206635,VIXW  220629C00012000,VIXW,17.90,12.0,100,0.0037,VIXW,VIXW  220629P00012000,563207747,29/06/2022
563206604,VIXW  220629C00012500,VIXW,17.40,12.5,100,0.0044,VIXW,VIXW  220629P00012500,563207732,29/06/2022
563206699,VIXW  220629C00013000,VIXW,16.90,13.0,100,0.0051,VIXW,VIXW  220629P00013000,563207773,29/06/2022
563206665,VIXW  220629C00013500,VIXW,16.40,13.5,100,0.0057,VIXW,VIXW  220629P00013500,563207767,29/06/2022
563206752,VIXW  220629C00014000,VIXW,15.90,14.0,100,0.0064,VIXW,VIXW  220629P00014000,563207807,29/06/2022
563206728,VIXW  220629C00014500,VIXW,15.40,14.5,100,0.0070,VIXW,VIXW  220629P00014500,563207787,29/06/2022
563206798,VIXW  220629C00015000,VIXW,14.90,15.0,100,0.0077,VIXW,VIXW  220629P00015000,563207825,29/06/2022
563206840,VIXW  220629C00016000,VIXW,13.91,16.0,100,0.0090,VIXW,VIXW  220629P00016000,563207847,29/06/2022
563206887,VIXW  220629C00017000,VIXW,12.91,17.0,100,0.0103,VIXW,VIXW  220629P00017000,563207859,29/06/2022
563206908,VIXW  220629C00018000,VIXW,11.91,18.0,100,0.0116,VIXW,VIXW  220629P00018000,563207876,29/06/2022
563206940,VIXW  220629C00019000,VIXW,10.91,19.0,100,0.0129,VIXW,VIXW  220629P00019000,563207886,29/06/2022
563206982,VIXW  220629C00020000,VIXW,9.91,20.0,100,0.0142,VIXW,VIXW  220629P00020000,563207910,29/06/2022
563207012,VIXW  220629C00021000,VIXW,8.91,21.0,100,0.0155,VIXW,VIXW  220629P00021000,563207916,29/06/2022
563207050,VIXW  220629C00022000,VIXW,7.92,22.0,100,0.0207,VIXW,VIXW  220629P00022000,563207939,29/06/2022
563207094,VIXW  220629C00023000,VIXW,6.92,23.0,100,0.0260,VIXW,VIXW  220629P00023000,563207959,29/06/2022
563207135,VIXW  220629C00024000,VIXW,5.93,24.0,100,0.0312,VIXW,VIXW  220629P00024000,563207969,29/06/2022
563207168,VIXW  220629C00025000,VIXW,4.944,25.0,100,0.0450,VIXW,VIXW  220629P00025000,563207984,29/06/2022
563207198,VIXW  220629C00026000,VIXW,4.034,26.0,100,0.1350,VIXW,VIXW  220629P00026000,563207989,29/06/2022
563207236,VIXW  220629C00027000,VIXW,3.184,27.0,100,0.2850,VIXW,VIXW  220629P00027000,563208008,29/06/2022
563207273,VIXW  220629C00028000,VIXW,2.480,28.0,100,0.5800,VIXW,VIXW  220629P00028000,563208022,29/06/2022
563207298,VIXW  220629C00029000,VIXW,1.950,29.0,100,1.050,VIXW,VIXW  220629P00029000,563208037,29/06/2022
563207315,VIXW  220629C00030000,VIXW,1.625,30.0,100,1.725,VIXW,VIXW  220629P00030000,563208049,29/06/2022
563207333,VIXW  220629C00032500,VIXW,0.9350,32.5,100,3.534,VIXW,VIXW  220629P00032500,563208062,29/06/2022
563207348,VIXW  220629C00035000,VIXW,0.5800,35.0,100,5.68,VIXW,VIXW  220629P00035000,563208080,29/06/2022
563207372,VIXW  220629C00037500,VIXW,0.3800,37.5,100,7.98,VIXW,VIXW  220629P00037500,563208102,29/06/2022
563207389,VIXW  220629C00040000,VIXW,0.2650,40.0,100,10.36,VIXW,VIXW  220629P00040000,563208119,29/06/2022
563207406,VIXW  220629C00042500,VIXW,0.1967,42.5,100,12.79,VIXW,VIXW  220629P00042500,563208128,29/06/2022
563207435,VIXW  220629C00045000,VIXW,0.1664,45.0,100,15.26,VIXW,VIXW  220629P00045000,563208145,29/06/2022
563207440,VIXW  220629C00047500,VIXW,0.1361,47.5,100,17.73,VIXW,VIXW  220629P00047500,563208162,29/06/2022
563207462,VIXW  220629C00050000,VIXW,0.1058,50.0,100,20.20,VIXW,VIXW  220629P00050000,563208173,29/06/2022
563207493,VIXW  220629C00055000,VIXW,0.0893,55.0,100,25.18,VIXW,VIXW  220629P00055000,563208188,29/06/2022
563207505,VIXW  220629C00060000,VIXW,0.0727,60.0,100,30.16,VIXW,VIXW  220629P00060000,563208212,29/06/2022
563207522,VIXW  220629C00065000,VIXW,0.0562,65.0,100,35.15,VIXW,VIXW  220629P00065000,563208219,29/06/2022
563207542,VIXW  220629C00070000,VIXW,0.0396,70.0,100,40.13,VIXW,VIXW  220629P00070000,563208232,29/06/2022
563207555,VIXW  220629C00075000,VIXW,0.0266,75.0,100,45.11,VIXW,VIXW  220629P00075000,563208249,29/06/2022
563207576,VIXW  220629C00080000,VIXW,0.0153,80.0,100,50.10,VIXW,VIXW  220629P00080000,563208260,29/06/2022
563207595,VIXW  220629C00085000,VIXW,0.0089,85.0,100,55.09,VIXW,VIXW  220629P00085000,563208272,29/06/2022
563207618,VIXW  220629C00090000,VIXW,0.0052,90.0,100,60.09,VIXW,VIXW  220629P00090000,563208282,29/06/2022
563207641,VIXW  220629C00095000,VIXW,0.0031,95.0,100,65.08,VIXW,VIXW  220629P00095000,563208300,29/06/2022
563206480,VIXW  220629C00100000,VIXW,0.0018,100.0,100,70.08,VIXW,VIXW  220629P00100000,563207678,29/06/2022
565496558,VIXW  220706C00010000,VIXW,19.99,10.0,100,0.0010,VIXW,VIXW  220706P00010000,565497084,06/07/2022
565496521,VIXW  220706C00010500,VIXW,19.49,10.5,100,0.0018,VIXW,VIXW  220706P00010500,565497069,06/07/2022
565496580,VIXW  220706C00011000,VIXW,18.99,11.0,100,0.0030,VIXW,VIXW  220706P00011000,565497107,06/07/2022
565496575,VIXW  220706C00011500,VIXW,18.49,11.5,100,0.0044,VIXW,VIXW  220706P00011500,565497095,06/07/2022
565496611,VIXW  220706C00012000,VIXW,18.00,12.0,100,0.0058,VIXW,VIXW  220706P00012000,565497125,06/07/2022
565496597,VIXW  220706C00012500,VIXW,17.50,12.5,100,0.0072,VIXW,VIXW  220706P00012500,565497113,06/07/2022
565496640,VIXW  220706C00013000,VIXW,17.00,13.0,100,0.0086,VIXW,VIXW  220706P00013000,565497140,06/07/2022
565496626,VIXW  220706C00013500,VIXW,16.50,13.5,100,0.0100,VIXW,VIXW  220706P00013500,565497130,06/07/2022
565496670,VIXW  220706C00014000,VIXW,16.00,14.0,100,0.0114,VIXW,VIXW  220706P00014000,565497161,06/07/2022
565496657,VIXW  220706C00014500,VIXW,15.50,14.5,100,0.0128,VIXW,VIXW  220706P00014500,565497150,06/07/2022
565496680,VIXW  220706C00015000,VIXW,15.01,15.0,100,0.0142,VIXW,VIXW  220706P00015000,565497164,06/07/2022
565496694,VIXW  220706C00016000,VIXW,14.01,16.0,100,0.0170,VIXW,VIXW  220706P00016000,565497176,06/07/2022
565496710,VIXW  220706C00017000,VIXW,13.01,17.0,100,0.0199,VIXW,VIXW  220706P00017000,565497185,06/07/2022
565496722,VIXW  220706C00018000,VIXW,12.02,18.0,100,0.0227,VIXW,VIXW  220706P00018000,565497198,06/07/2022
565496737,VIXW  220706C00019000,VIXW,11.02,19.0,100,0.0255,VIXW,VIXW  220706P00019000,565497210,06/07/2022
565496750,VIXW  220706C00020000,VIXW,10.02,20.0,100,0.0283,VIXW,VIXW  220706P00020000,565497216,06/07/2022
565496762,VIXW  220706C00021000,VIXW,9.03,21.0,100,0.0311,VIXW,VIXW  220706P00021000,565497226,06/07/2022
565496787,VIXW  220706C00022000,VIXW,8.04,22.0,100,0.0428,VIXW,VIXW  220706P00022000,565497233,06/07/2022
565496790,VIXW  220706C00023000,VIXW,7.06,23.0,100,0.0610,VIXW,VIXW  220706P00023000,565497246,06/07/2022
565496805,VIXW  220706C00024000,VIXW,6.08,24.0,100,0.0792,VIXW,VIXW  220706P00024000,565497255,06/07/2022
565496820,VIXW  220706C00025000,VIXW,5.21,25.0,100,0.2150,VIXW,VIXW  220706P00025000,565497261,06/07/2022
565496835,VIXW  220706C00026000,VIXW,4.383,26.0,100,0.3850,VIXW,VIXW  220706P00026000,565497270,06/07/2022
565496850,VIXW  220706C00027000,VIXW,3.683,27.0,100,0.6850,VIXW,VIXW  220706P00027000,565497276,06/07/2022
565496861,VIXW  220706C00028000,VIXW,3.099,28.0,100,1.100,VIXW,VIXW  220706P00028000,565497284,06/07/2022
565496878,VIXW  220706C00029000,VIXW,2.620,29.0,100,1.621,VIXW,VIXW  220706P00029000,565497291,06/07/2022
565496885,VIXW  220706C00030000,VIXW,2.245,30.0,100,2.245,VIXW,VIXW  220706P00030000,565497296,06/07/2022
565496909,VIXW  220706C00032500,VIXW,1.620,32.5,100,4.119,VIXW,VIXW  220706P00032500,565497306,06/07/2022
565496915,VIXW  220706C00035000,VIXW,1.105,35.0,100,6.10,VIXW,VIXW  220706P00035000,565497315,06/07/2022
565496924,VIXW  220706C00037500,VIXW,0.8427,37.5,100,8.34,VIXW,VIXW  220706P00037500,565497321,06/07/2022
565496943,VIXW  220706C00040000,VIXW,0.6466,40.0,100,10.64,VIXW,VIXW  220706P00040000,565497330,06/07/2022
565496948,VIXW  220706C00042500,VIXW,0.4504,42.5,100,12.94,VIXW,VIXW  220706P00042500,565497336,06/07/2022
565496958,VIXW  220706C00045000,VIXW,0.3704,45.0,100,15.36,VIXW,VIXW  220706P00045000,565497345,06/07/2022
565496964,VIXW  220706C00047500,VIXW,0.3247,47.5,100,17.81,VIXW,VIXW  220706P00047500,565497355,06/07/2022
565496976,VIXW  220706C00050000,VIXW,0.2791,50.0,100,20.27,VIXW,VIXW  220706P00050000,565497358,06/07/2022
565496986,VIXW  220706C00055000,VIXW,0.2100,55.0,100,25.20,VIXW,VIXW  220706P00055000,565497365,06/07/2022
565496995,VIXW  220706C00060000,VIXW,0.1660,60.0,100,30.15,VIXW,VIXW  220706P00060000,565497375,06/07/2022
565497004,VIXW  220706C00065000,VIXW,0.1269,65.0,100,35.11,VIXW,VIXW  220706P00065000,565497382,06/07/2022
565497015,VIXW  220706C00070000,VIXW,0.0877,70.0,100,40.06,VIXW,VIXW  220706P00070000,565497388,06/07/2022
565497024,VIXW  220706C00075000,VIXW,0.0762,75.0,100,45.05,VIXW,VIXW  220706P00075000,565497394,06/07/2022
565497029,VIXW  220706C00080000,VIXW,0.0647,80.0,100,50.04,VIXW,VIXW  220706P00080000,565497400,06/07/2022
565497039,VIXW  220706C00085000,VIXW,0.0581,85.0,100,55.03,VIXW,VIXW  220706P00085000,565497408,06/07/2022
565497051,VIXW  220706C00090000,VIXW,0.0515,90.0,100,60.02,VIXW,VIXW  220706P00090000,565497418,06/07/2022
565497063,VIXW  220706C00095000,VIXW,0.0449,95.0,100,65.01,VIXW,VIXW  220706P00095000,565497423,06/07/2022
565496545,VIXW  220706C00100000,VIXW,0.0383,100.0,100,70.00,VIXW,VIXW  220706P00100000,565497081,06/07/2022
566478870,VIXW  220713C00010000,VIXW,19.11,10.0,100,0.0002,VIXW,VIXW  220713P00010000,566479468,13/07/2022
566478819,VIXW  220713C00010500,VIXW,18.61,10.5,100,0.0003,VIXW,VIXW  220713P00010500,566479438,13/07/2022
566478897,VIXW  220713C00011000,VIXW,18.11,11.0,100,0.0006,VIXW,VIXW  220713P00011000,566479490,13/07/2022
566478885,VIXW  220713C00011500,VIXW,17.61,11.5,100,0.0011,VIXW,VIXW  220713P00011500,566479485,13/07/2022
566478941,VIXW  220713C00012000,VIXW,17.11,12.0,100,0.0019,VIXW,VIXW  220713P00012000,566479520,13/07/2022
566478921,VIXW  220713C00012500,VIXW,16.61,12.5,100,0.0031,VIXW,VIXW  220713P00012500,566479510,13/07/2022
566478975,VIXW  220713C00013000,VIXW,16.12,13.0,100,0.0050,VIXW,VIXW  220713P00013000,566479547,13/07/2022
566478958,VIXW  220713C00013500,VIXW,15.62,13.5,100,0.0077,VIXW,VIXW  220713P00013500,566479537,13/07/2022
566479006,VIXW  220713C00014000,VIXW,15.12,14.0,100,0.0104,VIXW,VIXW  220713P00014000,566479570,13/07/2022
566478996,VIXW  220713C00014500,VIXW,14.63,14.5,100,0.0131,VIXW,VIXW  220713P00014500,566479561,13/07/2022
566479030,VIXW  220713C00015000,VIXW,14.13,15.0,100,0.0158,VIXW,VIXW  220713P00015000,566479575,13/07/2022
566479036,VIXW  220713C00016000,VIXW,13.13,16.0,100,0.0211,VIXW,VIXW  220713P00016000,566479595,13/07/2022
566479054,VIXW  220713C00017000,VIXW,12.14,17.0,100,0.0265,VIXW,VIXW  220713P00017000,566479600,13/07/2022
566479071,VIXW  220713C00018000,VIXW,11.15,18.0,100,0.0335,VIXW,VIXW  220713P00018000,566479615,13/07/2022
566479084,VIXW  220713C00019000,VIXW,10.16,19.0,100,0.0404,VIXW,VIXW  220713P00019000,566479627,13/07/2022
566479101,VIXW  220713C00020000,VIXW,9.17,20.0,100,0.0483,VIXW,VIXW  220713P00020000,566479632,13/07/2022
566479110,VIXW  220713C00021000,VIXW,8.17,21.0,100,0.0561,VIXW,VIXW  220713P00021000,566479651,13/07/2022
566479127,VIXW  220713C00022000,VIXW,7.19,22.0,100,0.0750,VIXW,VIXW  220713P00022000,566479657,13/07/2022
566479140,VIXW  220713C00023000,VIXW,6.28,23.0,100,0.1600,VIXW,VIXW  220713P00023000,566479671,13/07/2022
566479147,VIXW  220713C00024000,VIXW,5.44,24.0,100,0.3200,VIXW,VIXW  220713P00024000,566479685,13/07/2022
566479157,VIXW  220713C00025000,VIXW,4.706,25.0,100,0.5850,VIXW,VIXW  220713P00025000,566479697,13/07/2022
566479176,VIXW  220713C00026000,VIXW,4.047,26.0,100,0.9250,VIXW,VIXW  220713P00026000,566479710,13/07/2022
566479187,VIXW  220713C00027000,VIXW,3.538,27.0,100,1.415,VIXW,VIXW  220713P00027000,566479719,13/07/2022
566479193,VIXW  220713C00028000,VIXW,3.064,28.0,100,1.940,VIXW,VIXW  220713P00028000,566479740,13/07/2022
566479215,VIXW  220713C00029000,VIXW,2.710,29.0,100,2.585,VIXW,VIXW  220713P00029000,566479756,13/07/2022
566479217,VIXW  220713C00030000,VIXW,2.469,30.0,100,3.343,VIXW,VIXW  220713P00030000,566479777,13/07/2022
566479230,VIXW  220713C00032500,VIXW,1.867,32.5,100,5.24,VIXW,VIXW  220713P00032500,566479790,13/07/2022
566479243,VIXW  220713C00035000,VIXW,1.405,35.0,100,7.27,VIXW,VIXW  220713P00035000,566479807,13/07/2022
566479253,VIXW  220713C00037500,VIXW,1.110,37.5,100,9.48,VIXW,VIXW  220713P00037500,566479821,13/07/2022
566479267,VIXW  220713C00040000,VIXW,0.9242,40.0,100,11.79,VIXW,VIXW  220713P00040000,566479833,13/07/2022
566479282,VIXW  220713C00042500,VIXW,0.7383,42.5,100,14.10,VIXW,VIXW  220713P00042500,566479855,13/07/2022
566479293,VIXW  220713C00045000,VIXW,0.5668,45.0,100,16.43,VIXW,VIXW  220713P00045000,566479867,13/07/2022
566479311,VIXW  220713C00047500,VIXW,0.4949,47.5,100,18.85,VIXW,VIXW  220713P00047500,566479878,13/07/2022
566479323,VIXW  220713C00050000,VIXW,0.4230,50.0,100,21.28,VIXW,VIXW  220713P00050000,566479881,13/07/2022
566479326,VIXW  220713C00055000,VIXW,0.3400,55.0,100,26.19,VIXW,VIXW  220713P00055000,566479890,13/07/2022
566479347,VIXW  220713C00060000,VIXW,0.2650,60.0,100,31.11,VIXW,VIXW  220713P00060000,566479896,13/07/2022
566479353,VIXW  220713C00065000,VIXW,0.2225,65.0,100,36.07,VIXW,VIXW  220713P00065000,566479901,13/07/2022
566479365,VIXW  220713C00070000,VIXW,0.1949,70.0,100,41.03,VIXW,VIXW  220713P00070000,566479908,13/07/2022
566479377,VIXW  220713C00075000,VIXW,0.1674,75.0,100,46.00,VIXW,VIXW  220713P00075000,566479918,13/07/2022
566479394,VIXW  220713C00080000,VIXW,0.1399,80.0,100,50.97,VIXW,VIXW  220713P00080000,566479925,13/07/2022
566479400,VIXW  220713C00085000,VIXW,0.1123,85.0,100,55.94,VIXW,VIXW  220713P00085000,566479935,13/07/2022
566479417,VIXW  220713C00090000,VIXW,0.0952,90.0,100,60.92,VIXW,VIXW  220713P00090000,566479944,13/07/2022
566479428,VIXW  220713C00095000,VIXW,0.0780,95.0,100,65.89,VIXW,VIXW  220713P00095000,566479955,13/07/2022
566478850,VIXW  220713C00100000,VIXW,0.0608,100.0,100,70.87,VIXW,VIXW  220713P00100000,566479455,13/07/2022
523591724,VIX   220720C00010000,VIX,18.99,10.0,100,0.0001,VIX,VIX   220720P00010000,523592401,20/07/2022
563200750,VIX   220720C00010500,VIX,18.49,10.5,100,0.0001,VIX,VIX   220720P00010500,563200829,20/07/2022
523591754,VIX   220720C00011000,VIX,17.99,11.0,100,0.0001,VIX,VIX   220720P00011000,523592424,20/07/2022
563200779,VIX   220720C00011500,VIX,17.49,11.5,100,0.0001,VIX,VIX   220720P00011500,563200847,20/07/2022
523591783,VIX   220720C00012000,VIX,16.99,12.0,100,0.0001,VIX,VIX   220720P00012000,523592450,20/07/2022
563200782,VIX   220720C00012500,VIX,16.49,12.5,100,0.0001,VIX,VIX   220720P00012500,563200872,20/07/2022
523591811,VIX   220720C00013000,VIX,15.99,13.0,100,0.0001,VIX,VIX   220720P00013000,523592476,20/07/2022
563200809,VIX   220720C00013500,VIX,15.49,13.5,100,0.0001,VIX,VIX   220720P00013500,563200889,20/07/2022
523591841,VIX   220720C00014000,VIX,14.99,14.0,100,0.0001,VIX,VIX   220720P00014000,523592507,20/07/2022
563200812,VIX   220720C00014500,VIX,14.49,14.5,100,0.0001,VIX,VIX   220720P00014500,563200905,20/07/2022
523591866,VIX   220720C00015000,VIX,13.99,15.0,100,0.0001,VIX,VIX   220720P00015000,523592530,20/07/2022
523591879,VIX   220720C00016000,VIX,13.00,16.0,100,0.0003,VIX,VIX   220720P00016000,523592541,20/07/2022
523591885,VIX   220720C00017000,VIX,12.00,17.0,100,0.0010,VIX,VIX   220720P00017000,523592560,20/07/2022
523591904,VIX   220720C00018000,VIX,11.00,18.0,100,0.0033,VIX,VIX   220720P00018000,523592570,20/07/2022
523591921,VIX   220720C00019000,VIX,10.01,19.0,100,0.0093,VIX,VIX   220720P00019000,523592586,20/07/2022
523591931,VIX   220720C00020000,VIX,9.02,20.0,100,0.0228,VIX,VIX   220720P00020000,523592596,20/07/2022
523591951,VIX   220720C00021000,VIX,8.05,21.0,100,0.0500,VIX,VIX   220720P00021000,523592615,20/07/2022
523591966,VIX   220720C00022000,VIX,7.13,22.0,100,0.1250,VIX,VIX   220720P00022000,523592630,20/07/2022
523591976,VIX   220720C00023000,VIX,6.23,23.0,100,0.2250,VIX,VIX   220720P00023000,523592644,20/07/2022
523591993,VIX   220720C00024000,VIX,5.45,24.0,100,0.4500,VIX,VIX   220720P00024000,523592654,20/07/2022
523592014,VIX   220720C00025000,VIX,4.806,25.0,100,0.8000,VIX,VIX   220720P00025000,523592675,20/07/2022
523592026,VIX   220720C00026000,VIX,4.257,26.0,100,1.250,VIX,VIX   220720P00026000,523592690,20/07/2022
523592044,VIX   220720C00027000,VIX,3.783,27.0,100,1.775,VIX,VIX   220720P00027000,523592696,20/07/2022
523592055,VIX   220720C00028000,VIX,3.359,28.0,100,2.350,VIX,VIX   220720P00028000,523592714,20/07/2022
523592077,VIX   220720C00029000,VIX,3.036,29.0,100,3.025,VIX,VIX   220720P00029000,523592724,20/07/2022
523592092,VIX   220720C00030000,VIX,2.750,30.0,100,3.738,VIX,VIX   220720P00030000,523592738,20/07/2022
523592101,VIX   220720C00032500,VIX,2.115,32.5,100,5.60,VIX,VIX   220720P00032500,523592749,20/07/2022
523592123,VIX   220720C00035000,VIX,1.700,35.0,100,7.68,VIX,VIX   220720P00035000,523592764,20/07/2022
523592140,VIX   220720C00037500,VIX,1.350,37.5,100,9.83,VIX,VIX   220720P00037500,523592772,20/07/2022
523592151,VIX   220720C00040000,VIX,1.150,40.0,100,12.13,VIX,VIX   220720P00040000,523592794,20/07/2022
523592164,VIX   220720C00042500,VIX,0.9500,42.5,100,14.42,VIX,VIX   220720P00042500,523592806,20/07/2022
523592186,VIX   220720C00045000,VIX,0.8250,45.0,100,16.80,VIX,VIX   220720P00045000,523592818,20/07/2022
523592201,VIX   220720C00047500,VIX,0.7250,47.5,100,19.19,VIX,VIX   220720P00047500,523592834,20/07/2022
523592216,VIX   220720C00050000,VIX,0.6356,50.0,100,21.60,VIX,VIX   220720P00050000,523592845,20/07/2022
523592235,VIX   220720C00055000,VIX,0.5000,55.0,100,26.46,VIX,VIX   220720P00055000,523592864,20/07/2022
523592255,VIX   220720C00060000,VIX,0.4250,60.0,100,31.38,VIX,VIX   220720P00060000,523592881,20/07/2022
523592264,VIX   220720C00065000,VIX,0.3500,65.0,100,36.30,VIX,VIX   220720P00065000,523592894,20/07/2022
523592288,VIX   220720C00070000,VIX,0.2758,70.0,100,41.22,VIX,VIX   220720P00070000,523592919,20/07/2022
523592305,VIX   220720C00075000,VIX,0.2464,75.0,100,46.18,VIX,VIX   220720P00075000,523592932,20/07/2022
523592321,VIX   220720C00080000,VIX,0.2171,80.0,100,51.15,VIX,VIX   220720P00080000,523592944,20/07/2022
523592341,VIX   220720C00085000,VIX,0.1877,85.0,100,56.11,VIX,VIX   220720P00085000,523592961,20/07/2022
523592358,VIX   220720C00090000,VIX,0.1583,90.0,100,61.07,VIX,VIX   220720P00090000,523592974,20/07/2022
523592375,VIX   220720C00095000,VIX,0.1289,95.0,100,66.04,VIX,VIX   220720P00095000,523592991,20/07/2022
523591390,VIX   220720C00100000,VIX,0.1205,100.0,100,71.03,VIX,VIX   220720P00100000,523592381,20/07/2022
523591741,VIX   220720C00110000,VIX,0.1037,110.0,100,81.00,VIX,VIX   220720P00110000,523592414,20/07/2022
523591764,VIX   220720C00120000,VIX,0.0868,120.0,100,90.97,VIX,VIX   220720P00120000,523592441,20/07/2022
523591798,VIX   220720C00130000,VIX,0.0754,130.0,100,100.94,VIX,VIX   220720P00130000,523592467,20/07/2022
523591820,VIX   220720C00140000,VIX,0.0639,140.0,100,110.92,VIX,VIX   220720P00140000,523592490,20/07/2022
523591854,VIX   220720C00150000,VIX,0.0524,150.0,100,120.90,VIX,VIX   220720P00150000,523592515,20/07/2022
554022826,VIX   220720C00160000,VIX,0.0409,160.0,100,130.87,VIX,VIX   220720P00160000,554023339,20/07/2022
554023289,VIX   220720C00170000,VIX,0.0306,170.0,100,140.85,VIX,VIX   220720P00170000,554023359,20/07/2022
554023302,VIX   220720C00180000,VIX,0.0230,180.0,100,150.83,VIX,VIX   220720P00180000,554023397,20/07/2022
528805995,VIX   220817C00010000,VIX,19.07,10.0,100,0.0001,VIX,VIX   220817P00010000,528806168,17/08/2022
568304878,VIX   220817C00010500,VIX,18.57,10.5,100,0.0001,VIX,VIX   220817P00010500,568304910,17/08/2022
528806000,VIX   220817C00011000,VIX,18.07,11.0,100,0.0001,VIX,VIX   220817P00011000,528806177,17/08/2022
568304885,VIX   220817C00011500,VIX,17.57,11.5,100,0.0001,VIX,VIX   220817P00011500,568304917,17/08/2022
528806010,VIX   220817C00012000,VIX,17.07,12.0,100,0.0001,VIX,VIX   220817P00012000,528806187,17/08/2022
568304890,VIX   220817C00012500,VIX,16.57,12.5,100,0.0001,VIX,VIX   220817P00012500,568304927,17/08/2022
528806016,VIX   220817C00013000,VIX,16.08,13.0,100,0.0002,VIX,VIX   220817P00013000,528806192,17/08/2022
568304897,VIX   220817C00013500,VIX,15.58,13.5,100,0.0003,VIX,VIX   220817P00013500,568304931,17/08/2022
528806026,VIX   220817C00014000,VIX,15.08,14.0,100,0.0006,VIX,VIX   220817P00014000,528806202,17/08/2022
568304907,VIX   220817C00014500,VIX,14.58,14.5,100,0.0011,VIX,VIX   220817P00014500,568304937,17/08/2022
528806033,VIX   220817C00015000,VIX,14.08,15.0,100,0.0019,VIX,VIX   220817P00015000,528806210,17/08/2022
528806036,VIX   220817C00016000,VIX,13.09,16.0,100,0.0052,VIX,VIX   220817P00016000,528806215,17/08/2022
528806043,VIX   220817C00017000,VIX,12.10,17.0,100,0.0126,VIX,VIX   220817P00017000,528806216,17/08/2022
528806046,VIX   220817C00018000,VIX,11.12,18.0,100,0.0274,VIX,VIX   220817P00018000,528806221,17/08/2022
528806050,VIX   220817C00019000,VIX,10.15,19.0,100,0.0545,VIX,VIX   220817P00019000,528806227,17/08/2022
528806055,VIX   220817C00020000,VIX,9.20,20.0,100,0.1000,VIX,VIX   220817P00020000,528806230,17/08/2022
528806056,VIX   220817C00021000,VIX,8.30,21.0,100,0.2023,VIX,VIX   220817P00021000,528806233,17/08/2022
528806061,VIX   220817C00022000,VIX,7.48,22.0,100,0.3750,VIX,VIX   220817P00022000,528806236,17/08/2022
528806067,VIX   220817C00023000,VIX,6.75,23.0,100,0.6500,VIX,VIX   220817P00023000,528806240,17/08/2022
528806070,VIX   220817C00024000,VIX,6.08,24.0,100,0.9750,VIX,VIX   220817P00024000,528806245,17/08/2022
528806073,VIX   220817C00025000,VIX,5.51,25.0,100,1.400,VIX,VIX   220817P00025000,528806250,17/08/2022
528806076,VIX   220817C00026000,VIX,5.01,26.0,100,1.900,VIX,VIX   220817P00026000,528806255,17/08/2022
528806081,VIX   220817C00027000,VIX,4.564,27.0,100,2.450,VIX,VIX   220817P00027000,528806257,17/08/2022
528806084,VIX   220817C00028000,VIX,4.167,28.0,100,3.050,VIX,VIX   220817P00028000,528806260,17/08/2022
528806091,VIX   220817C00029000,VIX,3.819,29.0,100,3.700,VIX,VIX   220817P00029000,528806267,17/08/2022
528806094,VIX   220817C00030000,VIX,3.550,30.0,100,4.428,VIX,VIX   220817P00030000,528806270,17/08/2022
528806096,VIX   220817C00032500,VIX,2.929,32.5,100,6.30,VIX,VIX   220817P00032500,528806273,17/08/2022
528806101,VIX   220817C00035000,VIX,2.450,35.0,100,8.31,VIX,VIX   220817P00035000,528806276,17/08/2022
528806106,VIX   220817C00037500,VIX,2.100,37.5,100,10.46,VIX,VIX   220817P00037500,528806283,17/08/2022
528806111,VIX   220817C00040000,VIX,1.800,40.0,100,12.65,VIX,VIX   220817P00040000,528806286,17/08/2022
528806115,VIX   220817C00042500,VIX,1.600,42.5,100,14.94,VIX,VIX   220817P00042500,528806288,17/08/2022
528806118,VIX   220817C00045000,VIX,1.400,45.0,100,17.24,VIX,VIX   220817P00045000,528806293,17/08/2022
528806121,VIX   220817C00047500,VIX,1.250,47.5,100,19.58,VIX,VIX   220817P00047500,528806298,17/08/2022
528806124,VIX   220817C00050000,VIX,1.100,50.0,100,21.92,VIX,VIX   220817P00050000,528806303,17/08/2022
528806130,VIX   220817C00055000,VIX,0.9250,55.0,100,26.74,VIX,VIX   220817P00055000,528806307,17/08/2022
528806135,VIX   220817C00060000,VIX,0.7750,60.0,100,31.57,VIX,VIX   220817P00060000,528806310,17/08/2022
528806136,VIX   220817C00065000,VIX,0.6500,65.0,100,36.43,VIX,VIX   220817P00065000,528806313,17/08/2022
528806141,VIX   220817C00070000,VIX,0.5750,70.0,100,41.35,VIX,VIX   220817P00070000,528806316,17/08/2022
528806147,VIX   220817C00075000,VIX,0.5000,75.0,100,46.26,VIX,VIX   220817P00075000,528806322,17/08/2022
528806150,VIX   220817C00080000,VIX,0.4250,80.0,100,51.17,VIX,VIX   220817P00080000,528806327,17/08/2022
528806153,VIX   220817C00085000,VIX,0.3757,85.0,100,56.11,VIX,VIX   220817P00085000,528806328,17/08/2022
528806156,VIX   220817C00090000,VIX,0.3418,90.0,100,61.06,VIX,VIX   220817P00090000,528806333,17/08/2022
528806162,VIX   220817C00095000,VIX,0.3079,95.0,100,66.01,VIX,VIX   220817P00095000,528806336,17/08/2022
528805988,VIX   220817C00100000,VIX,0.2750,100.0,100,70.96,VIX,VIX   220817P00100000,528806167,17/08/2022
528805998,VIX   220817C00110000,VIX,0.2250,110.0,100,80.89,VIX,VIX   220817P00110000,528806173,17/08/2022
528806005,VIX   220817C00120000,VIX,0.1750,120.0,100,90.81,VIX,VIX   220817P00120000,528806180,17/08/2022
528806015,VIX   220817C00130000,VIX,0.1500,130.0,100,100.76,VIX,VIX   220817P00130000,528806190,17/08/2022
528806021,VIX   220817C00140000,VIX,0.1250,140.0,100,110.71,VIX,VIX   220817P00140000,528806197,17/08/2022
528806031,VIX   220817C00150000,VIX,0.1043,150.0,100,120.66,VIX,VIX   220817P00150000,528806207,17/08/2022
554023419,VIX   220817C00160000,VIX,0.0903,160.0,100,130.62,VIX,VIX   220817P00160000,554023483,17/08/2022
554023449,VIX   220817C00170000,VIX,0.0763,170.0,100,140.58,VIX,VIX   220817P00170000,554023511,17/08/2022
554023461,VIX   220817C00180000,VIX,0.0622,180.0,100,150.54,VIX,VIX   220817P00180000,554023524,17/08/2022
535687316,VIX   220921C00010000,VIX,19.28,10.0,100,0.0001,VIX,VIX   220921P00010000,535687537,21/09/2022
535687330,VIX   220921C00011000,VIX,18.28,11.0,100,0.0001,VIX,VIX   220921P00011000,535687547,21/09/2022
535687341,VIX   220921C00012000,VIX,17.29,12.0,100,0.0004,VIX,VIX   220921P00012000,535687556,21/09/2022
535687353,VIX   220921C00013000,VIX,16.30,13.0,100,0.0014,VIX,VIX   220921P00013000,535687566,21/09/2022
535687361,VIX   220921C00014000,VIX,15.30,14.0,100,0.0038,VIX,VIX   220921P00014000,535687573,21/09/2022
535687374,VIX   220921C00015000,VIX,14.31,15.0,100,0.0092,VIX,VIX   220921P00015000,535687583,21/09/2022
535687381,VIX   220921C00016000,VIX,13.33,16.0,100,0.0201,VIX,VIX   220921P00016000,535687587,21/09/2022
535687386,VIX   220921C00017000,VIX,12.35,17.0,100,0.0398,VIX,VIX   220921P00017000,535687590,21/09/2022
535687395,VIX   220921C00018000,VIX,11.39,18.0,100,0.0730,VIX,VIX   220921P00018000,535687596,21/09/2022
535687398,VIX   220921C00019000,VIX,10.45,19.0,100,0.1250,VIX,VIX   220921P00019000,535687602,21/09/2022
535687404,VIX   220921C00020000,VIX,9.55,20.0,100,0.2250,VIX,VIX   220921P00020000,535687607,21/09/2022
535687410,VIX   220921C00021000,VIX,8.73,21.0,100,0.4000,VIX,VIX   220921P00021000,535687608,21/09/2022
535687416,VIX   220921C00022000,VIX,7.99,22.0,100,0.6500,VIX,VIX   220921P00022000,535687616,21/09/2022
535687421,VIX   220921C00023000,VIX,7.29,23.0,100,0.9500,VIX,VIX   220921P00023000,535687621,21/09/2022
535687430,VIX   220921C00024000,VIX,6.67,24.0,100,1.325,VIX,VIX   220921P00024000,535687626,21/09/2022
535687433,VIX   220921C00025000,VIX,6.15,25.0,100,1.800,VIX,VIX   220921P00025000,535687631,21/09/2022
535687436,VIX   220921C00026000,VIX,5.66,26.0,100,2.300,VIX,VIX   220921P00026000,535687636,21/09/2022
535687447,VIX   220921C00027000,VIX,5.24,27.0,100,2.875,VIX,VIX   220921P00027000,535687643,21/09/2022
535687448,VIX   220921C00028000,VIX,4.818,28.0,100,3.450,VIX,VIX   220921P00028000,535687646,21/09/2022
535687457,VIX   220921C00029000,VIX,4.523,29.0,100,4.150,VIX,VIX   220921P00029000,535687650,21/09/2022
535687460,VIX   220921C00030000,VIX,4.250,30.0,100,4.872,VIX,VIX   220921P00030000,535687656,21/09/2022
535687467,VIX   220921C00032500,VIX,3.590,32.5,100,6.70,VIX,VIX   220921P00032500,535687661,21/09/2022
535687470,VIX   220921C00035000,VIX,3.050,35.0,100,8.65,VIX,VIX   220921P00035000,535687667,21/09/2022
535687472,VIX   220921C00037500,VIX,2.650,37.5,100,10.74,VIX,VIX   220921P00037500,535687670,21/09/2022
535687477,VIX   220921C00040000,VIX,2.350,40.0,100,12.92,VIX,VIX   220921P00040000,535687673,21/09/2022
535687482,VIX   220921C00042500,VIX,2.050,42.5,100,15.11,VIX,VIX   220921P00042500,535687680,21/09/2022
535687487,VIX   220921C00045000,VIX,1.850,45.0,100,17.40,VIX,VIX   220921P00045000,535687685,21/09/2022
535687490,VIX   220921C00047500,VIX,1.650,47.5,100,19.69,VIX,VIX   220921P00047500,535687690,21/09/2022
535687495,VIX   220921C00050000,VIX,1.500,50.0,100,22.02,VIX,VIX   220921P00050000,535687697,21/09/2022
535687496,VIX   220921C00055000,VIX,1.250,55.0,100,26.75,VIX,VIX   220921P00055000,535687700,21/09/2022
535687501,VIX   220921C00060000,VIX,1.050,60.0,100,31.52,VIX,VIX   220921P00060000,535687707,21/09/2022
535687507,VIX   220921C00065000,VIX,0.9000,65.0,100,36.35,VIX,VIX   220921P00065000,535687710,21/09/2022
535687510,VIX   220921C00070000,VIX,0.7750,70.0,100,41.20,VIX,VIX   220921P00070000,535687719,21/09/2022
535687513,VIX   220921C00075000,VIX,0.6750,75.0,100,46.08,VIX,VIX   220921P00075000,535687720,21/09/2022
535687516,VIX   220921C00080000,VIX,0.6000,80.0,100,50.98,VIX,VIX   220921P00080000,535687725,21/09/2022
535687520,VIX   220921C00085000,VIX,0.5250,85.0,100,55.88,VIX,VIX   220921P00085000,535687731,21/09/2022
535687525,VIX   220921C00090000,VIX,0.4738,90.0,100,60.80,VIX,VIX   220921P00090000,535687737,21/09/2022
535687530,VIX   220921C00095000,VIX,0.4245,95.0,100,65.73,VIX,VIX   220921P00095000,535687740,21/09/2022
535687235,VIX   220921C00100000,VIX,0.3753,100.0,100,70.65,VIX,VIX   220921P00100000,535687535,21/09/2022
535687323,VIX   220921C00110000,VIX,0.3000,110.0,100,80.53,VIX,VIX   220921P00110000,535687540,21/09/2022
535687335,VIX   220921C00120000,VIX,0.2500,120.0,100,90.43,VIX,VIX   220921P00120000,535687553,21/09/2022
535687347,VIX   220921C00130000,VIX,0.2014,130.0,100,100.33,VIX,VIX   220921P00130000,535687563,21/09/2022
535687356,VIX   220921C00140000,VIX,0.1739,140.0,100,110.25,VIX,VIX   220921P00140000,535687568,21/09/2022
535687371,VIX   220921C00150000,VIX,0.1465,150.0,100,120.18,VIX,VIX   220921P00150000,535687578,21/09/2022
554023551,VIX   220921C00160000,VIX,0.1190,160.0,100,130.10,VIX,VIX   220921P00160000,554023627,21/09/2022
554023582,VIX   220921C00170000,VIX,0.1000,170.0,100,140.03,VIX,VIX   220921P00170000,554023660,21/09/2022
554023609,VIX   220921C00180000,VIX,0.0810,180.0,100,149.96,VIX,VIX   220921P00180000,554023689,21/09/2022
541668734,VIX   221019C00010000,VIX,19.38,10.0,100,0.0001,VIX,VIX   221019P00010000,541669099,19/10/2022
541668750,VIX   221019C00011000,VIX,18.39,11.0,100,0.0003,VIX,VIX   221019P00011000,541669119,19/10/2022
541668767,VIX   221019C00012000,VIX,17.40,12.0,100,0.0009,VIX,VIX   221019P00012000,541669134,19/10/2022
541668780,VIX   221019C00013000,VIX,16.40,13.0,100,0.0027,VIX,VIX   221019P00013000,541669151,19/10/2022
541668797,VIX   221019C00014000,VIX,15.42,14.0,100,0.0068,VIX,VIX   221019P00014000,541669161,19/10/2022
541668817,VIX   221019C00015000,VIX,14.43,15.0,100,0.0153,VIX,VIX   221019P00015000,541669176,19/10/2022
541668820,VIX   221019C00016000,VIX,13.45,16.0,100,0.0309,VIX,VIX   221019P00016000,541669181,19/10/2022
541668830,VIX   221019C00017000,VIX,12.49,17.0,100,0.0576,VIX,VIX   221019P00017000,541669189,19/10/2022
541668839,VIX   221019C00018000,VIX,11.54,18.0,100,0.1000,VIX,VIX   221019P00018000,541669199,19/10/2022
541668845,VIX   221019C00019000,VIX,10.64,19.0,100,0.2000,VIX,VIX   221019P00019000,541669204,19/10/2022
541668854,VIX   221019C00020000,VIX,9.78,20.0,100,0.3250,VIX,VIX   221019P00020000,541669214,19/10/2022
541668857,VIX   221019C00021000,VIX,9.01,21.0,100,0.5500,VIX,VIX   221019P00021000,541669223,19/10/2022
541668869,VIX   221019C00022000,VIX,8.26,22.0,100,0.8000,VIX,VIX   221019P00022000,541669224,19/10/2022
541668874,VIX   221019C00023000,VIX,7.62,23.0,100,1.150,VIX,VIX   221019P00023000,541669238,19/10/2022
541668884,VIX   221019C00024000,VIX,7.03,24.0,100,1.550,VIX,VIX   221019P00024000,541669241,19/10/2022
541668891,VIX   221019C00025000,VIX,6.51,25.0,100,2.025,VIX,VIX   221019P00025000,541669244,19/10/2022
541668894,VIX   221019C00026000,VIX,6.04,26.0,100,2.550,VIX,VIX   221019P00026000,541669257,19/10/2022
541668904,VIX   221019C00027000,VIX,5.60,27.0,100,3.101,VIX,VIX   221019P00027000,541669260,19/10/2022
541668909,VIX   221019C00028000,VIX,5.21,28.0,100,3.700,VIX,VIX   221019P00028000,541669271,19/10/2022
541668921,VIX   221019C00029000,VIX,4.900,29.0,100,4.387,VIX,VIX   221019P00029000,541669277,19/10/2022
541668929,VIX   221019C00030000,VIX,4.600,30.0,100,5.08,VIX,VIX   221019P00030000,541669281,19/10/2022
541668939,VIX   221019C00032500,VIX,3.938,32.5,100,6.90,VIX,VIX   221019P00032500,541669291,19/10/2022
541668949,VIX   221019C00035000,VIX,3.400,35.0,100,8.84,VIX,VIX   221019P00035000,541669296,19/10/2022
541668954,VIX   221019C00037500,VIX,3.025,37.5,100,10.95,VIX,VIX   221019P00037500,541669301,19/10/2022
541668963,VIX   221019C00040000,VIX,2.650,40.0,100,13.06,VIX,VIX   221019P00040000,541669311,19/10/2022
541668972,VIX   221019C00042500,VIX,2.350,42.5,100,15.24,VIX,VIX   221019P00042500,541669319,19/10/2022
541668983,VIX   221019C00045000,VIX,2.100,45.0,100,17.47,VIX,VIX   221019P00045000,541669320,19/10/2022
541668989,VIX   221019C00047500,VIX,1.900,47.5,100,19.76,VIX,VIX   221019P00047500,541669331,19/10/2022
541669000,VIX   221019C00050000,VIX,1.700,50.0,100,22.04,VIX,VIX   221019P00050000,541669334,19/10/2022
541669011,VIX   221019C00055000,VIX,1.400,55.0,100,26.71,VIX,VIX   221019P00055000,541669340,19/10/2022
541669020,VIX   221019C00060000,VIX,1.200,60.0,100,31.47,VIX,VIX   221019P00060000,541669349,19/10/2022
541669024,VIX   221019C00065000,VIX,1.050,65.0,100,36.29,VIX,VIX   221019P00065000,541669359,19/10/2022
541669034,VIX   221019C00070000,VIX,0.8998,70.0,100,41.10,VIX,VIX   221019P00070000,541669361,19/10/2022
541669044,VIX   221019C00075000,VIX,0.7999,75.0,100,45.97,VIX,VIX   221019P00075000,541669371,19/10/2022
541669054,VIX   221019C00080000,VIX,0.7000,80.0,100,50.83,VIX,VIX   221019P00080000,541669377,19/10/2022
541669065,VIX   221019C00085000,VIX,0.6035,85.0,100,55.70,VIX,VIX   221019P00085000,541669387,19/10/2022
541669074,VIX   221019C00090000,VIX,0.5402,90.0,100,60.60,VIX,VIX   221019P00090000,541669392,19/10/2022
541669079,VIX   221019C00095000,VIX,0.4769,95.0,100,65.50,VIX,VIX   221019P00095000,541669397,19/10/2022
541668520,VIX   221019C00100000,VIX,0.4250,100.0,100,70.42,VIX,VIX   221019P00100000,541669092,19/10/2022
541668740,VIX   221019C00110000,VIX,0.3500,110.0,100,80.27,VIX,VIX   221019P00110000,541669114,19/10/2022
541668762,VIX   221019C00120000,VIX,0.3000,120.0,100,90.15,VIX,VIX   221019P00120000,541669124,19/10/2022
541668777,VIX   221019C00130000,VIX,0.2500,130.0,100,100.03,VIX,VIX   221019P00130000,541669141,19/10/2022
541668792,VIX   221019C00140000,VIX,0.2000,140.0,100,109.91,VIX,VIX   221019P00140000,541669158,19/10/2022
541668810,VIX   221019C00150000,VIX,0.1750,150.0,100,119.82,VIX,VIX   221019P00150000,541669175,19/10/2022
554023709,VIX   221019C00160000,VIX,0.1500,160.0,100,129.72,VIX,VIX   221019P00160000,554023776,19/10/2022
554023733,VIX   221019C00170000,VIX,0.1250,170.0,100,139.63,VIX,VIX   221019P00170000,554023809,19/10/2022
554023757,VIX   221019C00180000,VIX,0.1001,180.0,100,149.53,VIX,VIX   221019P00180000,554023822,19/10/2022
546813377,VIX   221116C00010000,VIX,19.11,10.0,100,0.0001,VIX,VIX   221116P00010000,546813982,16/11/2022
546813417,VIX   221116C00011000,VIX,18.12,11.0,100,0.0005,VIX,VIX   221116P00011000,546814006,16/11/2022
546813454,VIX   221116C00012000,VIX,17.13,12.0,100,0.0016,VIX,VIX   221116P00012000,546814030,16/11/2022
546813484,VIX   221116C00013000,VIX,16.14,13.0,100,0.0042,VIX,VIX   221116P00013000,546814047,16/11/2022
546813519,VIX   221116C00014000,VIX,15.15,14.0,100,0.0101,VIX,VIX   221116P00014000,546814071,16/11/2022
546813549,VIX   221116C00015000,VIX,14.17,15.0,100,0.0215,VIX,VIX   221116P00015000,546814099,16/11/2022
546813564,VIX   221116C00016000,VIX,13.20,16.0,100,0.0417,VIX,VIX   221116P00016000,546814105,16/11/2022
546813586,VIX   221116C00017000,VIX,12.25,17.0,100,0.0750,VIX,VIX   221116P00017000,546814117,16/11/2022
546813592,VIX   221116C00018000,VIX,11.33,18.0,100,0.1500,VIX,VIX   221116P00018000,546814127,16/11/2022
546813616,VIX   221116C00019000,VIX,10.47,19.0,100,0.2750,VIX,VIX   221116P00019000,546814147,16/11/2022
546813631,VIX   221116C00020000,VIX,9.65,20.0,100,0.4500,VIX,VIX   221116P00020000,546814153,16/11/2022
546813645,VIX   221116C00021000,VIX,8.91,21.0,100,0.7000,VIX,VIX   221116P00021000,546814173,16/11/2022
546813657,VIX   221116C00022000,VIX,8.22,22.0,100,1.0000,VIX,VIX   221116P00022000,546814177,16/11/2022
546813674,VIX   221116C00023000,VIX,7.63,23.0,100,1.400,VIX,VIX   221116P00023000,546814197,16/11/2022
546813684,VIX   221116C00024000,VIX,7.06,24.0,100,1.825,VIX,VIX   221116P00024000,546814207,16/11/2022
546813694,VIX   221116C00025000,VIX,6.55,25.0,100,2.300,VIX,VIX   221116P00025000,546814224,16/11/2022
546813713,VIX   221116C00026000,VIX,6.11,26.0,100,2.850,VIX,VIX   221116P00026000,546814234,16/11/2022
546813723,VIX   221116C00027000,VIX,5.67,27.0,100,3.400,VIX,VIX   221116P00027000,546814252,16/11/2022
546813730,VIX   221116C00028000,VIX,5.32,28.0,100,4.050,VIX,VIX   221116P00028000,546814264,16/11/2022
546813747,VIX   221116C00029000,VIX,4.984,29.0,100,4.700,VIX,VIX   221116P00029000,546814289,16/11/2022
546813756,VIX   221116C00030000,VIX,4.700,30.0,100,5.41,VIX,VIX   221116P00030000,546814299,16/11/2022
546813771,VIX   221116C00032500,VIX,4.050,32.5,100,7.23,VIX,VIX   221116P00032500,546814312,16/11/2022
546813776,VIX   221116C00035000,VIX,3.550,35.0,100,9.21,VIX,VIX   221116P00035000,546814326,16/11/2022
546813795,VIX   221116C00037500,VIX,3.100,37.5,100,11.24,VIX,VIX   221116P00037500,546814342,16/11/2022
546813801,VIX   221116C00040000,VIX,2.750,40.0,100,13.36,VIX,VIX   221116P00040000,546814354,16/11/2022
546813816,VIX   221116C00042500,VIX,2.450,42.5,100,15.54,VIX,VIX   221116P00042500,546814369,16/11/2022
546813831,VIX   221116C00045000,VIX,2.200,45.0,100,17.77,VIX,VIX   221116P00045000,546814382,16/11/2022
546813843,VIX   221116C00047500,VIX,2.000,47.5,100,20.04,VIX,VIX   221116P00047500,546814399,16/11/2022
546813849,VIX   221116C00050000,VIX,1.800,50.0,100,22.32,VIX,VIX   221116P00050000,546814408,16/11/2022
546813866,VIX   221116C00055000,VIX,1.500,55.0,100,26.97,VIX,VIX   221116P00055000,546814428,16/11/2022
546813876,VIX   221116C00060000,VIX,1.275,60.0,100,31.70,VIX,VIX   221116P00060000,546814442,16/11/2022
546813891,VIX   221116C00065000,VIX,1.100,65.0,100,36.48,VIX,VIX   221116P00065000,546814459,16/11/2022
546813897,VIX   221116C00070000,VIX,0.9500,70.0,100,41.28,VIX,VIX   221116P00070000,546814471,16/11/2022
546813912,VIX   221116C00075000,VIX,0.8500,75.0,100,46.14,VIX,VIX   221116P00075000,546814477,16/11/2022
546813924,VIX   221116C00080000,VIX,0.7500,80.0,100,50.99,VIX,VIX   221116P00080000,546814496,16/11/2022
546813936,VIX   221116C00085000,VIX,0.6500,85.0,100,55.84,VIX,VIX   221116P00085000,546814506,16/11/2022
546813952,VIX   221116C00090000,VIX,0.5750,90.0,100,60.72,VIX,VIX   221116P00090000,546814531,16/11/2022
546813962,VIX   221116C00095000,VIX,0.5250,95.0,100,65.62,VIX,VIX   221116P00095000,546814537,16/11/2022
546813091,VIX   221116C00100000,VIX,0.4750,100.0,100,70.53,VIX,VIX   221116P00100000,546813979,16/11/2022
546813392,VIX   221116C00110000,VIX,0.3753,110.0,100,80.33,VIX,VIX   221116P00110000,546813992,16/11/2022
546813432,VIX   221116C00120000,VIX,0.3245,120.0,100,90.19,VIX,VIX   221116P00120000,546814017,16/11/2022
546813471,VIX   221116C00130000,VIX,0.2737,130.0,100,100.04,VIX,VIX   221116P00130000,546814037,16/11/2022
546813501,VIX   221116C00140000,VIX,0.2229,140.0,100,109.90,VIX,VIX   221116P00140000,546814060,16/11/2022
546813538,VIX   221116C00150000,VIX,0.1753,150.0,100,119.76,VIX,VIX   221116P00150000,546814087,16/11/2022
554023839,VIX   221116C00160000,VIX,0.1493,160.0,100,129.64,VIX,VIX   221116P00160000,554023917,16/11/2022
554023864,VIX   221116C00170000,VIX,0.1233,170.0,100,139.52,VIX,VIX   221116P00170000,554023932,16/11/2022
554023887,VIX   221116C00180000,VIX,0.0973,180.0,100,149.40,VIX,VIX   221116P00180000,554023962,16/11/2022
552978785,VIX   221221C00010000,VIX,18.47,10.0,100,0.0007,VIX,VIX   221221P00010000,552979173,21/12/2022
552978805,VIX   221221C00011000,VIX,17.49,11.0,100,0.0022,VIX,VIX   221221P00011000,552979198,21/12/2022
552978821,VIX   221221C00012000,VIX,16.50,12.0,100,0.0059,VIX,VIX   221221P00012000,552979215,21/12/2022
552978836,VIX   221221C00013000,VIX,15.52,13.0,100,0.0135,VIX,VIX   221221P00013000,552979230,21/12/2022
552978856,VIX   221221C00014000,VIX,14.55,14.0,100,0.0278,VIX,VIX   221221P00014000,552979239,21/12/2022
552978876,VIX   221221C00015000,VIX,13.59,15.0,100,0.0524,VIX,VIX   221221P00015000,552979251,21/12/2022
552978891,VIX   221221C00016000,VIX,12.64,16.0,100,0.0915,VIX,VIX   221221P00016000,552979257,21/12/2022
552978894,VIX   221221C00017000,VIX,11.71,17.0,100,0.1500,VIX,VIX   221221P00017000,552979260,21/12/2022
552978906,VIX   221221C00018000,VIX,10.82,18.0,100,0.2500,VIX,VIX   221221P00018000,552979268,21/12/2022
552978915,VIX   221221C00019000,VIX,9.98,19.0,100,0.4000,VIX,VIX   221221P00019000,552979275,21/12/2022
552978924,VIX   221221C00020000,VIX,9.25,20.0,100,0.6500,VIX,VIX   221221P00020000,552979280,21/12/2022
552978930,VIX   221221C00021000,VIX,8.56,21.0,100,0.9500,VIX,VIX   221221P00021000,552979285,21/12/2022
552978941,VIX   221221C00022000,VIX,7.92,22.0,100,1.300,VIX,VIX   221221P00022000,552979295,21/12/2022
552978948,VIX   221221C00023000,VIX,7.36,23.0,100,1.725,VIX,VIX   221221P00023000,552979299,21/12/2022
552978960,VIX   221221C00024000,VIX,6.85,24.0,100,2.200,VIX,VIX   221221P00024000,552979302,21/12/2022
552978970,VIX   221221C00025000,VIX,6.38,25.0,100,2.725,VIX,VIX   221221P00025000,552979308,21/12/2022
552978979,VIX   221221C00026000,VIX,5.97,26.0,100,3.300,VIX,VIX   221221P00026000,552979319,21/12/2022
552978985,VIX   221221C00027000,VIX,5.58,27.0,100,3.900,VIX,VIX   221221P00027000,552979325,21/12/2022
552978994,VIX   221221C00028000,VIX,5.20,28.0,100,4.503,VIX,VIX   221221P00028000,552979336,21/12/2022
552978999,VIX   221221C00029000,VIX,4.900,29.0,100,5.19,VIX,VIX   221221P00029000,552979347,21/12/2022
552979008,VIX   221221C00030000,VIX,4.600,30.0,100,5.88,VIX,VIX   221221P00030000,552979356,21/12/2022
552979018,VIX   221221C00032500,VIX,4.000,32.5,100,7.75,VIX,VIX   221221P00032500,552979360,21/12/2022
552979028,VIX   221221C00035000,VIX,3.500,35.0,100,9.72,VIX,VIX   221221P00035000,552979375,21/12/2022
552979035,VIX   221221C00037500,VIX,3.100,37.5,100,11.78,VIX,VIX   221221P00037500,552979377,21/12/2022
552979047,VIX   221221C00040000,VIX,2.750,40.0,100,13.90,VIX,VIX   221221P00040000,552979387,21/12/2022
552979053,VIX   221221C00042500,VIX,2.475,42.5,100,16.10,VIX,VIX   221221P00042500,552979395,21/12/2022
552979062,VIX   221221C00045000,VIX,2.225,45.0,100,18.32,VIX,VIX   221221P00045000,552979398,21/12/2022
552979068,VIX   221221C00047500,VIX,2.025,47.5,100,20.58,VIX,VIX   221221P00047500,552979404,21/12/2022
552979078,VIX   221221C00050000,VIX,1.825,50.0,100,22.85,VIX,VIX   221221P00050000,552979415,21/12/2022
552979084,VIX   221221C00055000,VIX,1.550,55.0,100,27.52,VIX,VIX   221221P00055000,552979421,21/12/2022
552979096,VIX   221221C00060000,VIX,1.300,60.0,100,32.20,VIX,VIX   221221P00060000,552979425,21/12/2022
552979105,VIX   221221C00065000,VIX,1.125,65.0,100,36.96,VIX,VIX   221221P00065000,552979435,21/12/2022
552979115,VIX   221221C00070000,VIX,0.9500,70.0,100,41.73,VIX,VIX   221221P00070000,552979440,21/12/2022
552979125,VIX   221221C00075000,VIX,0.8500,75.0,100,46.56,VIX,VIX   221221P00075000,552979445,21/12/2022
552979130,VIX   221221C00080000,VIX,0.7500,80.0,100,51.40,VIX,VIX   221221P00080000,552979455,21/12/2022
552979143,VIX   221221C00085000,VIX,0.6540,85.0,100,56.24,VIX,VIX   221221P00085000,552979458,21/12/2022
552979149,VIX   221221C00090000,VIX,0.5957,90.0,100,61.12,VIX,VIX   221221P00090000,552979464,21/12/2022
552979155,VIX   221221C00095000,VIX,0.5375,95.0,100,66.00,VIX,VIX   221221P00095000,552979475,21/12/2022
552978654,VIX   221221C00100000,VIX,0.4792,100.0,100,70.88,VIX,VIX   221221P00100000,552979164,21/12/2022
552978798,VIX   221221C00110000,VIX,0.3928,110.0,100,80.67,VIX,VIX   221221P00110000,552979185,21/12/2022
552978815,VIX   221221C00120000,VIX,0.3064,120.0,100,90.46,VIX,VIX   221221P00120000,552979200,21/12/2022
552978833,VIX   221221C00130000,VIX,0.2569,130.0,100,100.28,VIX,VIX   221221P00130000,552979220,21/12/2022
552978850,VIX   221221C00140000,VIX,0.2213,140.0,100,110.12,VIX,VIX   221221P00140000,552979234,21/12/2022
552978870,VIX   221221C00150000,VIX,0.1858,150.0,100,119.96,VIX,VIX   221221P00150000,552979245,21/12/2022
554023986,VIX   221221C00160000,VIX,0.1503,160.0,100,129.80,VIX,VIX   221221P00160000,554024057,21/12/2022
554024015,VIX   221221C00170000,VIX,0.1256,170.0,100,139.65,VIX,VIX   221221P00170000,554024070,21/12/2022
554024034,VIX   221221C00180000,VIX,0.1009,180.0,100,149.50,VIX,VIX   221221P00180000,554024100,21/12/2022
559126733,VIX   230118C00010000,VIX,19.20,10.0,100,0.0003,VIX,VIX   230118P00010000,559127141,18/01/2023
559126745,VIX   230118C00011000,VIX,18.22,11.0,100,0.0010,VIX,VIX   230118P00011000,559127166,18/01/2023
559126757,VIX   230118C00012000,VIX,17.23,12.0,100,0.0029,VIX,VIX   230118P00012000,559127189,18/01/2023
559126769,VIX   230118C00013000,VIX,16.25,13.0,100,0.0073,VIX,VIX   230118P00013000,559127209,18/01/2023
559126782,VIX   230118C00014000,VIX,15.28,14.0,100,0.0160,VIX,VIX   230118P00014000,559127237,18/01/2023
559126794,VIX   230118C00015000,VIX,14.31,15.0,100,0.0318,VIX,VIX   230118P00015000,559127262,18/01/2023
559126799,VIX   230118C00016000,VIX,13.35,16.0,100,0.0584,VIX,VIX   230118P00016000,559127272,18/01/2023
559126804,VIX   230118C00017000,VIX,12.41,17.0,100,0.1000,VIX,VIX   230118P00017000,559127286,18/01/2023
559126811,VIX   230118C00018000,VIX,11.52,18.0,100,0.2000,VIX,VIX   230118P00018000,559127298,18/01/2023
559126818,VIX   230118C00019000,VIX,10.69,19.0,100,0.3500,VIX,VIX   230118P00019000,559127309,18/01/2023
559126824,VIX   230118C00020000,VIX,9.90,20.0,100,0.5500,VIX,VIX   230118P00020000,559127324,18/01/2023
559126829,VIX   230118C00021000,VIX,9.19,21.0,100,0.8250,VIX,VIX   230118P00021000,559127338,18/01/2023
559126841,VIX   230118C00022000,VIX,8.56,22.0,100,1.175,VIX,VIX   230118P00022000,559127348,18/01/2023
559126852,VIX   230118C00023000,VIX,7.97,23.0,100,1.575,VIX,VIX   230118P00023000,559127366,18/01/2023
559126862,VIX   230118C00024000,VIX,7.44,24.0,100,2.025,VIX,VIX   230118P00024000,559127372,18/01/2023
559126874,VIX   230118C00025000,VIX,6.95,25.0,100,2.525,VIX,VIX   230118P00025000,559127389,18/01/2023
559126883,VIX   230118C00026000,VIX,6.54,26.0,100,3.100,VIX,VIX   230118P00026000,559127396,18/01/2023
559126889,VIX   230118C00027000,VIX,6.16,27.0,100,3.700,VIX,VIX   230118P00027000,559127406,18/01/2023
559126903,VIX   230118C00028000,VIX,5.77,28.0,100,4.300,VIX,VIX   230118P00028000,559127423,18/01/2023
559126914,VIX   230118C00029000,VIX,5.40,29.0,100,4.911,VIX,VIX   230118P00029000,559127434,18/01/2023
559126925,VIX   230118C00030000,VIX,5.14,30.0,100,5.64,VIX,VIX   230118P00030000,559127444,18/01/2023
559126934,VIX   230118C00032500,VIX,4.504,32.5,100,7.46,VIX,VIX   230118P00032500,559127451,18/01/2023
559126944,VIX   230118C00035000,VIX,3.900,35.0,100,9.32,VIX,VIX   230118P00035000,559127458,18/01/2023
559126954,VIX   230118C00037500,VIX,3.500,37.5,100,11.38,VIX,VIX   230118P00037500,559127463,18/01/2023
559126971,VIX   230118C00040000,VIX,3.100,40.0,100,13.45,VIX,VIX   230118P00040000,559127469,18/01/2023
559126979,VIX   230118C00042500,VIX,2.775,42.5,100,15.58,VIX,VIX   230118P00042500,559127475,18/01/2023
559126988,VIX   230118C00045000,VIX,2.475,45.0,100,17.74,VIX,VIX   230118P00045000,559127481,18/01/2023
559127000,VIX   230118C00047500,VIX,2.280,47.5,100,20.01,VIX,VIX   230118P00047500,559127484,18/01/2023
559127012,VIX   230118C00050000,VIX,2.096,50.0,100,22.29,VIX,VIX   230118P00050000,559127489,18/01/2023
559127022,VIX   230118C00055000,VIX,1.728,55.0,100,26.85,VIX,VIX   230118P00055000,559127499,18/01/2023
559127029,VIX   230118C00060000,VIX,1.475,60.0,100,31.52,VIX,VIX   230118P00060000,559127502,18/01/2023
559127046,VIX   230118C00065000,VIX,1.250,65.0,100,36.22,VIX,VIX   230118P00065000,559127509,18/01/2023
559127052,VIX   230118C00070000,VIX,1.100,70.0,100,40.99,VIX,VIX   230118P00070000,559127514,18/01/2023
559127064,VIX   230118C00075000,VIX,0.9500,75.0,100,45.76,VIX,VIX   230118P00075000,559127519,18/01/2023
559127076,VIX   230118C00080000,VIX,0.8250,80.0,100,50.56,VIX,VIX   230118P00080000,559127526,18/01/2023
559127088,VIX   230118C00085000,VIX,0.7304,85.0,100,55.39,VIX,VIX   230118P00085000,559127529,18/01/2023
559127098,VIX   230118C00090000,VIX,0.6597,90.0,100,60.25,VIX,VIX   230118P00090000,559127538,18/01/2023
559127112,VIX   230118C00095000,VIX,0.5890,95.0,100,65.10,VIX,VIX   230118P00095000,559127543,18/01/2023
559126728,VIX   230118C00100000,VIX,0.5315,100.0,100,69.97,VIX,VIX   230118P00100000,559127129,18/01/2023
559126739,VIX   230118C00110000,VIX,0.4165,110.0,100,79.70,VIX,VIX   230118P00110000,559127156,18/01/2023
559126748,VIX   230118C00120000,VIX,0.3477,120.0,100,89.48,VIX,VIX   230118P00120000,559127179,18/01/2023
559126762,VIX   230118C00130000,VIX,0.2790,130.0,100,99.26,VIX,VIX   230118P00130000,559127203,18/01/2023
559126779,VIX   230118C00140000,VIX,0.2250,140.0,100,109.05,VIX,VIX   230118P00140000,559127224,18/01/2023
559126784,VIX   230118C00150000,VIX,0.2000,150.0,100,118.88,VIX,VIX   230118P00150000,559127249,18/01/2023
564485171,VIX   230215C00010000,VIX,19.01,10.0,100,0.0014,VIX,VIX   230215P00010000,564485924,15/02/2023
564485200,VIX   230215C00011000,VIX,18.03,11.0,100,0.0039,VIX,VIX   230215P00011000,564485959,15/02/2023
564485240,VIX   230215C00012000,VIX,17.05,12.0,100,0.0094,VIX,VIX   230215P00012000,564486001,15/02/2023
564485273,VIX   230215C00013000,VIX,16.08,13.0,100,0.0201,VIX,VIX   230215P00013000,564486027,15/02/2023
564485307,VIX   230215C00014000,VIX,15.12,14.0,100,0.0387,VIX,VIX   230215P00014000,564486071,15/02/2023
564485345,VIX   230215C00015000,VIX,14.16,15.0,100,0.0690,VIX,VIX   230215P00015000,564486114,15/02/2023
564485358,VIX   230215C00016000,VIX,13.22,16.0,100,0.1092,VIX,VIX   230215P00016000,564486120,15/02/2023
564485360,VIX   230215C00017000,VIX,12.28,17.0,100,0.1500,VIX,VIX   230215P00017000,564486140,15/02/2023
564485390,VIX   230215C00018000,VIX,11.42,18.0,100,0.2750,VIX,VIX   230215P00018000,564486171,15/02/2023
564485402,VIX   230215C00019000,VIX,10.59,19.0,100,0.4250,VIX,VIX   230215P00019000,564486195,15/02/2023
564485420,VIX   230215C00020000,VIX,9.83,20.0,100,0.6500,VIX,VIX   230215P00020000,564486209,15/02/2023
564485432,VIX   230215C00021000,VIX,9.15,21.0,100,0.9500,VIX,VIX   230215P00021000,564486239,15/02/2023
564485445,VIX   230215C00022000,VIX,8.52,22.0,100,1.300,VIX,VIX   230215P00022000,564486263,15/02/2023
564485470,VIX   230215C00023000,VIX,7.91,23.0,100,1.675,VIX,VIX   230215P00023000,564486280,15/02/2023
564485480,VIX   230215C00024000,VIX,7.40,24.0,100,2.150,VIX,VIX   230215P00024000,564486319,15/02/2023
564485491,VIX   230215C00025000,VIX,6.95,25.0,100,2.675,VIX,VIX   230215P00025000,564486334,15/02/2023
564485513,VIX   230215C00026000,VIX,6.49,26.0,100,3.200,VIX,VIX   230215P00026000,564486365,15/02/2023
564485527,VIX   230215C00027000,VIX,6.11,27.0,100,3.805,VIX,VIX   230215P00027000,564486389,15/02/2023
564485540,VIX   230215C00028000,VIX,5.76,28.0,100,4.431,VIX,VIX   230215P00028000,564486416,15/02/2023
564485562,VIX   230215C00029000,VIX,5.40,29.0,100,5.06,VIX,VIX   230215P00029000,564486438,15/02/2023
564485575,VIX   230215C00030000,VIX,5.15,30.0,100,5.79,VIX,VIX   230215P00030000,564486469,15/02/2023
564485590,VIX   230215C00032500,VIX,4.550,32.5,100,7.64,VIX,VIX   230215P00032500,564486484,15/02/2023
564485615,VIX   230215C00035000,VIX,3.950,35.0,100,9.50,VIX,VIX   230215P00035000,564486515,15/02/2023
564485630,VIX   230215C00037500,VIX,3.550,37.5,100,11.55,VIX,VIX   230215P00037500,564486524,15/02/2023
564485640,VIX   230215C00040000,VIX,3.150,40.0,100,13.61,VIX,VIX   230215P00040000,564486564,15/02/2023
564485664,VIX   230215C00042500,VIX,2.800,42.5,100,15.72,VIX,VIX   230215P00042500,564486591,15/02/2023
564485681,VIX   230215C00045000,VIX,2.525,45.0,100,17.90,VIX,VIX   230215P00045000,564486620,15/02/2023
564485702,VIX   230215C00047500,VIX,2.275,47.5,100,20.10,VIX,VIX   230215P00047500,564486651,15/02/2023
564485725,VIX   230215C00050000,VIX,2.075,50.0,100,22.36,VIX,VIX   230215P00050000,564486663,15/02/2023
564485739,VIX   230215C00055000,VIX,1.750,55.0,100,26.94,VIX,VIX   230215P00055000,564486705,15/02/2023
564485759,VIX   230215C00060000,VIX,1.475,60.0,100,31.58,VIX,VIX   230215P00060000,564486715,15/02/2023
564485770,VIX   230215C00065000,VIX,1.275,65.0,100,36.29,VIX,VIX   230215P00065000,564486753,15/02/2023
564485780,VIX   230215C00070000,VIX,1.075,70.0,100,41.00,VIX,VIX   230215P00070000,564486768,15/02/2023
564485800,VIX   230215C00075000,VIX,0.9250,75.0,100,45.76,VIX,VIX   230215P00075000,564486801,15/02/2023
564485820,VIX   230215C00080000,VIX,0.8250,80.0,100,50.57,VIX,VIX   230215P00080000,564486835,15/02/2023
564485840,VIX   230215C00085000,VIX,0.7250,85.0,100,55.38,VIX,VIX   230215P00085000,564486852,15/02/2023
564485859,VIX   230215C00090000,VIX,0.6385,90.0,100,60.21,VIX,VIX   230215P00090000,564486883,15/02/2023
564485879,VIX   230215C00095000,VIX,0.5866,95.0,100,65.07,VIX,VIX   230215P00095000,564486909,15/02/2023
564485137,VIX   230215C00100000,VIX,0.5347,100.0,100,69.93,VIX,VIX   230215P00100000,564485897,15/02/2023
564485188,VIX   230215C00110000,VIX,0.4308,110.0,100,79.65,VIX,VIX   230215P00110000,564485934,15/02/2023
564485228,VIX   230215C00120000,VIX,0.3269,120.0,100,89.36,VIX,VIX   230215P00120000,564485977,15/02/2023
564485255,VIX   230215C00130000,VIX,0.2732,130.0,100,99.13,VIX,VIX   230215P00130000,564486011,15/02/2023
564485285,VIX   230215C00140000,VIX,0.2195,140.0,100,108.90,VIX,VIX   230215P00140000,564486057,15/02/2023
564485321,VIX   230215C00150000,VIX,0.1721,150.0,100,118.67,VIX,VIX   230215P00150000,564486090,15/02/2023
